chary	1
youthful	1
precious	1
lover	1
rage	3
michael	2
looks	3
encouraged)	1
buriest	1
sorrows	2
ftp	4
frown	1
sweet	18
liquid	1
used	6
eye	10
allowed	1
gutenberg/ibc"	1
silvered	1
34	1
celestial	1
fashion	1
alteration	1
furrows	1
drown	1
elements	1
(though	1
warranties	3
perfection	1
wanting	1
kills	1
plants	1
widow	2
quality	1
rolling	1
chide	2
damaged	1
faults	1
please	7
legacy	1
'gainst	3
copyright	10
winter's	2
constant	1
	824
trouble	1
aught	1
untainted	1
licenses	1
bounteous	2
nominally	1
seeking	1
stain	2
secret	1
read	5
number	4
ranks	1
papers	1
that's	1
actor	1
behind	1
grieved	1
mother	2
chief	2
for	89
despite	3
work's	1
decrepit	1
phoenix	1
convertest	1
program	3
pencil)	1
s	1
find	5
apparel	1
losing	1
nurse	1
produce	2
forbear	1
1971**	1
sable	1
conditions	3
false	3
darling	1
disdaineth	1
membership	3
know'st	1
question	1
art	22
duty	3
threescore	1
youth's	1
shop	1
hues	1
__	1
directors	1
pointing	1
further	2
(~)	1
night)	1
shifts	1
works	7
12	2
worms	1
shadow	3
corrupting	1
author	2
slain	1
fate	1
08	1
thunder	1
adding	1
buds	1
gutenberg	15
x	1
woos	1
entertain	1
widow's	1
due	3
bootless	1
any	14
lead	1
time's	4
departest	1
darkly	1
morn	1
******this	1
wherein	1
defeated	1
body	1
feed'st	1
stage	2
spread	1
gutenberg-tm	2
approve	1
prove	5
years	1
rondure	1
young	1
gold	2
8	1
expense	4
*these	1
name	2
etext/etext93]	1
huge	2
tells	1
sounds	1
emulator)	1
grace	3
this	53
count	2
peep	1
strict	1
death	4
till	5
trophies	1
lives	6
sullied	1
print"	1
in	107
harmless	1
bier	1
indirect	1
taste	1
semblance	1
smoke	1
provided	4
masked	1
based	1
thine	25
defect	2
have	16
vanished	1
your	32
expressed	1
lay	1
toil	3
complexion	1
off	1
once	2
substance	3
**etexts	1
i'll	1
happies	1
fierce	2
fair	15
electronically	2
tel	1
point	1
choose	2
readers	2
behold	2
are	26
conquest	1
is	60
bosom's	1
hems	1
presume	1
learn	1
uneared	1
prognosticate	1
absence	1
his	29
why	6
glorious	1
nights	2
tattered	2
knows	2
officers	1
directed	1
*	1
agree	1
benedictine	5
19	1
too	6
didst	1
decease	2
among	1
dust	1
course	2
sole	1
maiden	1
plea	1
reserve	1
[for	1
sea's	1
slow	1
displays	1
reigns	1
makes	1
100	1
23	1
moon	2
****	2
leaves	3
pricked	1
drawn	2
show	7
hung	1
"as-is"	1
burn	1
enjoys	1
reputation	1
attmail	2
seen	1
encouraged	1
stars	5
accessary	1
request	1
a-doting	1
light's	1
said	1
murd'rous	2
sits	1
subject	2
perish	1
4	2
try	2
break	3
2026@compuserve	1
soon	1
seasons'	1
kindness	1
*any*	1
silent	2
protected	1
defective	1
violet	1
acknowledge	1
famine	1
given	1
song	2
inaccurate	1
less	3
40	1
am	7
hides	1
consider	1
private	1
forlorn	1
vial	1
hence	2
size	1
#100]	1
hands	1
happier	3
gate	1
donations	3
mayst	3
than	16
usury	1
dwell	1
march	1
four	1
presents	1
proofread	1
bequest	1
strikes	1
fairly	1
worst	1
woman's	3
10%	1
elder	1
triumph	1
included	1
puts	1
speechless	1
zip	1
livery	1
want	2
winter	2
reign)	1
pattern	1
bears	1
mother's	2
alter	1
shaks12	2
pleasing	1
unthrifts	1
incomplete	1
blunt	1
forth	2
expired	1
bear	5
increasing	1
"small	3
love's	11
himself	1
field	1
well-tuned	1
email	3
sit	1
o'ertake	1
hate's	1
abuse	2
lawful	1
anonymous	1
fresh	4
modification	1
none'	1
mcimail)	1
extent	1
disk	1
negligence	1
thy	93
fleet'st	1
thought	9
sensual	1
shine	1
renewest	1
mrcnext	1
15	1
but	59
state	4
shake	2
uiuc	5
lets	1
replete	1
whether	1
tender	3
sure	1
11	1
land	1
hideous	2
consum'st	1
below	2
wrong	2
90	1
gusts	1
9	1
farthest	1
heavenly	3
kings	1
future	4
jump	1
best	5
charles	1
kissing	1
materials	1
etext)	1
darkness	1
dare	1
unperfect	1
mine	19
commercially	3
permission	3
heavily	1
guides	1
injurious	1
master	1
sight	5
reader	1
babe	1
spend	2
sake	3
[etext	1
what	16
matters	1
readily	1
underline	1
age)	1
would	9
although	4
stick'st	1
mortal	1
44	1
methods	1
etext93	1
(and	2
scorn	1
oppressed	1
youngly	1
pleasure	2
another	5
checked	2
sea	1
candles	1
loves	4
33	1
editions	1
[to	2
limitation	1
61825	2
ceremony	1
provisions	1
lifts	1
swart-complexioned	1
hundreds	1
files]	2
unset	1
sums	1
style	1
wasteful	1
image	2
loving	4
champaign	2
adverse	1
grave	2
return	2
lusty	2
if	31
tax	1
project	18
good	4
stated	1
sigh	1
perusal	1
world	19
replacement	3
follows	1
your@login	1
glad	1
*want*	1
versions	1
gaze	2
trust	1
contributions	1
own	13
beauty's	10
fell	1
neither	2
loathsome	1
vaunt	1
pilgrimage	2
gazeth	1
93]	1
earth)	1
self-same	1
princes'	1
haply	1
up	4
poet's	1
analyzed	1
flatter	2
eased	1
scope	1
cures	1
excuse	1
etc	1
dreams	2
graces	1
war	4
so	44
clear	1
our	11
expected	1
wastes	1
disclaimer	1
[now	1
o'ercharged	1
per	3
therein	1
lovers	1
(i	1
must	9
limited	4
eat	1
offence's	1
excellent	1
world's	2
climbed	1
newsletter	1
play	1
keep	3
appear	1
22	1
authorizing	1
touches	2
ject	1
teachest	1
thriftless	1
basest	1
absent	1
do	32
short	1
friend	3
eloquence	1
all	43
him	12
head	3
archives	1
spites	1
couldst	1
[b]	1
("ibc"	1
distribution	4
rest	2
unrespected	1
sacred	1
treasure	4
hand	2
heaven's	4
26	1
print	7
consequential	1
suggest	1
domain	4
unused	2
luck	1
profitless	1
book	1
wrongs	1
glutton	1
makeless	1
bestow'st	1
lo	2
creatures	1
embassage	1
thanks	2
*****	2
january	1
college"	1
stirred	1
thief	2
brow	3
had	2
praising	1
salving	1
pretty	1
complain	1
played	1
cd	5
gazed	1
ye	1
miles	1
painter	2
steals	1
hear'st	1
stol'n	1
perceive	1
burning	1
com)	1
warm	1
unseeing	1
'this	1
twain	3
wane	1
birth	2
indemnify	1
look	10
prepare	1
warranty	2
succeeding	1
robbery	1
strongly	1
all-eating	1
"defect"	1
dearer	1
wouldst	2
music	2
annoy	1
weak	1
users	2
nor	12
wailing	1
data	1
effect	3
37	1
held	2
every	8
bareness	1
soul's	2
dead	3
opportunity	1
herein	1
*this	1
deface	1
painter's	1
set	1
civil	1
plead	1
tyrants	1
page)	1
imaginary	1
full	2
stormy	1
leese	1
before	4
glory	2
out-going	1
gift	1
wilful	1
usest	1
copies	8
stretched	1
vanilla	1
13	1
blots	1
summer	3
brav'ry	1
distilled	2
rotten	1
trees	1
whereon	1
intended	2
else	4
keeps	1
000=trillion]	1
sheds	1
audience	1
us	2
wary	1
friend)	1
fails	1
slight	1
merchantability	1
left	2
advocate	1
it	36
lacking	1
wink	1
doom	1
sorrow	1
hidden	1
prof	1
sun	5
dollar	1
herald	1
sleep	2
scythe	1
["small	1
implied	2
reading	1
duteous)	1
whereupon	1
poets	1
separation	1
"pro-	1
fix	1
visage	1
meadows	1
self	34
24	1
two	3
holy	1
twofold	1
engrafted	1
torment	1
laws	1
[xxxxx10x	1
[mac	1
despised	1
tillage	1
victories	1
a	60
buried	3
sunk	1
deceive	2
conceit	2
proud	4
shadow's	1
confounds	2
infringement	1
dearest	1
calls	3
rude	2
moving	1
canst	2
sky	1
estimated	1
doth	19
featured	1
counterfeit	1
information	6
gladly	1
clearly	1
aspect	1
[tried	1
brings	1
shadows	1
estimate	1
bristly	1
35	1
shade	3
tear	1
described	1
lia-	1
type]	1
succession	1
trillion	1
receive	3
night	11
16	1
spring	1
(bitnet)	1
preliminary	1
humans	1
height	2
separable	1
(if	1
though	7
silver	1
within	4
twice	1
destroys	1
tears	2
as	37
ransom	1
*project	1
ne'er	1
thing	4
because	1
sadly	1
fortify	1
resembling	2
breathe	2
couplement	1
store	3
well	6
hart@uiucvmd	2
ibc	1
equipage	1
nearly	1
rich	4
5	1
has	3
she	11
year	3
displayed	1
goal	1
gilding	2
quiet	1
lark	1
carve	1
sets	1
pay	2
re-survey	1
brood	1
sessions	1
prepared	2
licensed	1
prevailed	1
0index	1
10	1
commits	2
car	1
barren	3
excusing	1
strength's	1
befits	1
wishing	1
storm-beaten	1
o'er	2
coming	1
death's	3
refund	2
herd	1
dies	1
yours	2
temperate	1
selected	1
wisdom	1
expiate	1
plagues	1
instance	1
woes	1
perfect	1
removed	3
text	2
foes	1
self-willed	1
prohibited	3
well-contented	1
proprietary	1
"right	1
delight	2
star	1
seat	1
certain	1
errors	1
ing	1
abundance	3
old	8
shalt	4
whose	5
quite	2
men	7
grief	3
**information	1
injury	1
additional	2
yet	16
fore-bemoaned	1
'thou	1
man	2
despising	1
string	1
strength	1
contain	2
vassalage	1
particular	1
or	62
glazed	1
statement	3
above	1
scanning	1
letters	1
flesh	1
twire	1
spite	2
searched	1
looking	2
edition	1
unbless	1
computer	2
witness	1
painful	1
restored	1
public	6
strong	2
hue	1
'had	1
processing	1
agents	1
fuel	1
lease	2
frank	1
comfort	1
th'	3
2001	2
indicate	1
damage	1
ornament	2
equivalent	1
1609	1
come	2
husband	1
others	5
distribute	3
such	17
shareware	1
medium	2
tiger's	1
west	1
bear'st	1
they	10
conspire	1
december	1
kramer	1
dimmed	1
each	8
following	1
provide	2
churl	2
youth	7
far	3
>>	2
singleness	1
characters	3
sweetly	2
stand	3
pen	3
21	1
projected	1
way	4
growing	1
astronomy	1
gems	1
beloved	2
last	1
viewest	1
foot	1
>internet	1
seal	1
age	6
tilde	1
(including	1
open	1
service	3
daily	1
stop	2
hearts	1
divided	1
rain	2
shouldst	4
don't	1
ocr	1
i	86
diest	1
alternatively	2
leaving	1
indirectly	1
eclipses	1
whatever	1
suns	1
work	4
bright	8
software)	1
dumb	2
exceeded	1
whatsoever	1
writ	1
central	1
files	3
outward	1
(as	1
that	92
deceivest	1
out	3
named	1
endowed	1
commence	1
43	1
forbid	1
frame	2
trespass	1
cannot	3
breast	3
hour	3
mud	1
dark	1
upon	4
graciously	1
acceptable	1
mutual	1
proving	1
metre	1
object	1
middle	1
numbers	2
dateless	1
married	1
wrinkles	1
sending	1
possibility	1
hear	2
wit	4
to	156
sour	1
machines	1
sun's	1
pity	1
(2)	4
[a]	1
purpose	3
green	2
sheaves	1
fall	1
half	1
alive	1
sometime	3
cloak	1
txt	3
teeth	1
exact	1
cruel	1
limbs	2
issue	1
bed	1
least	3
grief's	1
wind	1
base	1
speaking	1
"	3
ascii	2
b)	1
now	10
allowable	1
o'er-snowed	1
toward	1
project's	1
begins	1
hers	1
hast	6
you	53
letter	1
gentle	5
ah	3
roof	1
license	2
eternal	4
rehearse	2
cancelled	1
know	2
shakespeare	12
erst	1
amiss	1
excel	1
meant	1
32	1
child	5
loveliness	1
did	5
*either*	1
flow)	1
alchemy	1
lord	1
presented	2
small	4
afresh	1
beauty	19
borne	2
trademark	1
water	1
minutes	1
processors)	1
riot	1
titles	2
single	4
woman	2
lovely	3
face	7
niggarding	1
wet	1
fading	1
executive	1
sparkling	1
most	8
here	2
intend	1
posterity	2
these	5
keen	1
joy	4
issueless	1
lion's	1
v	1
making	2
help	1
internet	3
staineth	1
mightst	1
was	3
repair	3
week	1
loan	1
gaudy	1
version	4
long	10
faring	1
unprovident	1
travel	2
links	1
usurer	1
believe	2
there	5
hold	2
edu	5
tyrant	1
found	1
change	5
deserv'st	1
scrambles	1
hours	5
virus	1
6	1
husband's	1
prisoner	1
gav'st	1
dost	10
remembrance	2
personal	3
assailed	1
whate'er	1
draw	3
gives	2
steal	2
dir	1
legal	4
nothing	3
etexts	7
addition	2
evermore	1
36	1
bett'ring	1
brag	1
knit	1
incidental	1
presenteth	1
second	1
die	6
guilt	1
cold	3
at	16
1	2
man's	2
through	4
attorney	1
points	1
cover	2
[10	1
often	3
remote	1
law	1
lame	2
self's	1
perspective	1
love'	1
leads	1
go	3
lodged	1
unlooked	2
canker	1
electronic	7
(yellowed	1
gratefully	1
low	1
39	1
codes	1
1-800-443-0238	1
acquainted	1
souls	1
famoused	1
dollars	2
womb	1
asterisk	1
hap	1
too)	1
entertainment	1
clouds	4
also	1
books]	1
steep-up	1
remain	2
distributed	6
need	2
presence	1
holds	1
can	19
tempting	1
on	28
general	1
cloud	2
17	1
weep	2
being	5
**welcome	1
machine	4
asked	1
same	1
25	1
black	1
mind	4
disgrace	3
ear	1
poor	3
discover	1
poet	1
mget	2
mak'st	1
happy	6
education	1
remove	1
complete	8
son	3
clock	1
notice	1
check	1
click	1
how	14
cdroms	1
whom	5
my	96
lies	5
space	1
b	1
gain	1
apply	1
interest	1
determination	1
where-through	1
charges	5
hide	1
drooping	1
14	1
warrior	1
pictured	1
worth	5
oppression	1
after	2
rhymers	1
cost	2
heavy	2
party	2
therefore	3
lascivious	1
date	7
manners	1
deep	2
lend	1
unfair	1
trenches	1
friends	3
deserved	1
streams	1
grievances	1
hid	1
live	12
take	5
eyes	20
bereft	1
31	2
april	1
torture	1
razed	1
woe	4
leap	1
lack	1
permit	1
sense	1
contracted	1
journey	1
tired	1
punctuation	1
recompense	1
takes	3
who	14
barrenly	1
hundred	2
distillation	1
offend	1
homage	1
bars	1
rare	1
painted	3
reached	1
allow	2
faces	1
bug	1
hope	2
worthy	2
grow	1
100th	1
note	3
paws	1
nightly	1
chance	1
possessed	2
paid	3
supposed	1
shifting	1
cease	1
me	38
virtuous	1
truly	1
forgot	1
either's	2
enemies	1
computers	1
them	7
mail	2
house	1
commercial	3
bounty	1
things	4
they)	1
salve	1
wherefore	1
by	62
cso	5
self-love	1
father	2
compressed	1
whilst	2
hiding	1
blessed	2
heals	1
farther	1
delights	2
deductible	1
then	34
tract	1
besiege	1
majesty	1
kind-hearted	1
winters	1
think	4
il	2
loved	2
wrought	2
belongs	1
he	10
gild'st	1
anon	1
tomb	2
receivest	1
hadst	2
official	1
even	9
persuade	1
sullen	1
love	41
curls	1
say)	1
blot	1
burthen	1
however	1
hypertext	2
comment	2
methinks	1
hate	3
should	17
(subscriptions	1
director	1
cries	1
sweets	4
devour	1
new	10
verse	4
grown	1
library	10
will	17
abide)	1
written	2
42	1
contented	1
concord	1
refund"	1
xxx]	1
bones	1
paper	2
curious	1
fitness	1
bosom	2
receiving	1
back	2
crowned	1
self-killed	1
lofty	1
feeble	1
much	6
pitch	1
little	1
again	2
while	2
illinois	5
praise	6
their	19
p	2
cause	1
indemnity	1
a)	1
software	1
nought	2
decrease	1
unless	2
feel'st	1
vulgar	1
association	1
moment	1
not	55
new-appearing	1
forced	1
compuserve	2
forbidden	1
fees	2
rack	1
shame	5
beweep	1
times	6
with	74
from	34
tial	1
dedicated	1
breed	2
still	10
self-substantial	1
liability	2
early	1
walls	1
grant	1
bare	1
fixed	1
wealth	2
deserts	1
means	1
gave	2
books	1
stelled	1
nimble	1
defence	1
wilt	3
bestow	1
midnight	1
rough	1
20	1
shaks10a	1
unlike	1
survive	1
toiled	1
declines	1
money	4
etext	21
bloody	1
person	3
any)	1
separate	1
desiring	1
grows	1
cross	2
27	1
foregone	1
next	1
heaven	6
content	1
hearsay	1
disclaims	1
pour'st	1
favour	1
give	16
deny	1
inc	6
sonnets	1
dearths	1
crime	1
thoughts	4
000	2
vouchsafe	1
express	1
first	3
placed	1
outcast	1
fifty	1
heinous	1
alone	6
receiv-	1
long-lived	1
forget	1
unthrifty	1
evident	1
2	3
ordering	1
true	5
releases	1
enjoy	1
wert	1
highmost	1
pain	1
orient	1
sing	2
tongue	2
winds	1
sightless	2
region	1
life	5
traffic	1
38	1
(*)	1
fight	1
knowledge	1
both	6
fairest	1
whit	1
cheered	1
plain	3
(fore	1
touched	1
flattery	1
receiv'st	2
splendour	1
blamed	1
could	2
transcription	1
bring	3
summer's	4
nature	3
women's	3
copy	5
use	9
brief	1
carved	1
wail	2
flame	1
exclusions	1
corrected	1
haste	1
make	18
put	1
answer	1
fortune	4
words	1
(3)	1
repent	1
advisor**	1
suff'ring	1
done	2
accepts	1
tenth	1
report	1
scorned	1
lengths	1
thee	59
dull	1
(hung	1
dearly	1
ten	8
marigold	1
end	5
thousand	2
thus	3
suggestion	1
offenders	1
yea	1
members	1
damages	5
exclusion	1
anyone	1
friend's	1
clearer	1
remembered	2
influence	1
breach	1
seem	3
file	4
hath	13
its	1
under	3
which	33
presagers	1
hymns	1
fast	3
cunning	1
shall	13
stay	3
material	1
naked)	1
attending	1
almost	1
bitnet	2
cooperate	1
say	6
an	11
length	1
place	3
[get	1
fade	1
hot	1
depart	1
etext92	1
consent	1
truth's	1
brought	2
air	2
equipment	1
(72600	1
(tm)	1
serving	1
unseen	1
weary	2
bin	1
(unused	1
heat	1
imperfect	1
audit	1
consequen-	1
ill	3
ghastly	1
(or	1
pupil	1
julianc@netcom	1
sufficed	1
ow'st	1
sorry	1
termed	1
explanatory	1
box	2
edited	1
be	55
waste	3
shape	2
disclaimers	2
raiment	1
princes	1
meet	1
ebcdic	1
information]	1
favourites	1
(internet)	1
respect	2
dig	1
turns	1
here's	1
children's	1
thrive	1
stronger	1
reeleth	1
shows	3
heir	2
large	1
sweetest	1
into	2
longer	2
ragged	1
freely	1
offender's	1
bud	2
where	16
alack	1
account	1
folly	1
weed	1
get	9
liker	1
ruinate	1
wound	1
tombed	1
hart@vmd	2
wand'rest	1
sought	1
largess	1
her	16
skill	2
fine	1
*not*	1
failed]	1
release	1
judgement	1
respose	1
predict	1
mistress	1
themselves	2
(all	2
matter	1
rights	2
18	1
(one	1
frost	1
editing	1
(1)	4
unthrift	1
deceased	1
sizes	1
uphold	1
loss	4
changing	1
time	24
better	3
fault	1
million	5
cooperation	2
muse	5
were	12
enough	1
part	3
contacting	1
kept	1
harsh	1
robs	1
royalty	1
kind	2
arising	1
more	23
case	1
never-resting	1
invent	1
passion	1
sort	1
nature's	3
attend	1
directly	2
ere	2
30	1
heart	8
pent	1
eyelids	1
<<this	2
7	1
mountain	1
(internet	1
hanging	1
convertible	1
arise	1
login	1
honour	6
form	11
library*	1
benefit	1
dry	1
who's	1
grieve	1
sad	1
untrimmed	1
merit	1
bewailed	1
wide	2
gone	4
forgive	1
etext/articles	1
ride	1
summon	1
mark	1
stealing	1
beard	1
seemly	1
straying	1
(like	1
engraft	1
foiled	1
endeared	1
greater	2
lov'st	2
niggard	1
none	2
beauteous	5
flowers	3
kill	1
1990-1993	3
fortune's	1
convey	1
29	1
vmd	2
texts**	1
shines	2
truth	4
41	1
includes	3
william	7
save	2
rite	1
weakens	1
about	3
wife	1
converted	1
seeming	1
jaws	1
executor	1
first-born	1
outlive	1
undivided	1
promise	1
glass	4
deaf	1
invocate	1
pride	1
many	9
gracious	2
adore	1
morning	1
swift-footed	1
forsake	1
unions	1
sovereign	1
lines	4
excuse'	1
deeds	2
earthly	1
thorns	1
com	1
see	16
gardens	1
moan	3
hart	3
light	3
blame	1
call	3
college)	1
against	3
3	2
productivity	1
tell	5
sins	2
word	2
made	7
images	1
lie	1
(_)	1
sources	1
no	18
possession	1
very	1
we	13
evil	1
byte	1
having	2
'tis	2
body's	1
let	12
top	1
etext/etext91	1
leisure	2
sings	2
donations*	1
entered	1
mightier	1
2782	2
past	2
argument	1
needs	1
antique	2
some	8
pluck	2
fond	1
remedies	1
download	3
shaks13	1
liberty	1
sire	1
value	1
limits	1
fear	3
pearl	1
white	2
together	1
does	1
upping	1
when	39
losses	1
jewel	1
foe	1
known	1
lose	4
implications	1
april's	1
poverty	1
great	3
[c]	1
day	17
including	5
physic	1
thereby	2
featureless	1
girded	1
(212-254-5093)	1
boast	2
gut*	1
beauties	1
user	1
corrupt	1
curse	1
bility	1
willing	1
may	26
filled	1
college	3
compare	4
punitive	1
like	10
convert	1
ay	1
hill	1
day's	1
sap	2
won	1
blind	1
brave	3
write	4
might	4
rose	1
sunken	1
other	12
of	143
controlling	1
since	8
thyself	1
nine	1
sum	2
hart@	1
golden	3
away	4
rhyme	3
states	1
tops	1
minded	1
prime	2
newsletters	1
bearing	1
forty	1
and	191
fountains	1
confess	1
distance	1
(from	1
thou	97
conservative	1
invention	1
speak	1
received	3
entitled	1
is't	1
oft	1
decay	5
1994	1
/	1
one	25
without	3
roses	1
high	1
windows	3
temptation	1
grow'st	2
increase	3
theirs	2
refigured	1
readable	6
beguile	1
right	1
plight	1
lest	1
contract	1
devouring	1
desire	2
ever	2
amazeth	1
obsequious	1
free	3
expenses	1
prefer	1
riper	1
debarred	1
******	1
posted	1
list	1
o	14
days	6
28	1
dear	5
outstripped	1
triumphant	1
wish	4
cherish	1
earth	4
canopy	1
table	1
husbandry	2
otherwise	1
created	1
beside	1
relief	1
(dear	1
zealous	1
living	3
resulting	1
month	3
derive	1
"project	1
badges	1
(time's	1
inward	1
zip*****	1
leave	3
lends	2
debateth	1
inconstant	1
access	1
wear	1
fairer	1
view	3
seasons	1
fee	1
sell	1
active	1
the	183
men's	2
gut	3
presentation	2
volunteers	1
noon	1
memory	2
password	1
sourly	2
died	1
honor	1
costs	1
send	3
blood	3
parts	5
physical	1
never	1
those	13
refusest	1
religious	1
ugly	1
disdains	1
only	4
pale	1